BCF274498350 ,Cutout Trim Bikini - Jr.,http://www.burlingtoncoatfactory.com/burlingtoncoatfactory/Cutout-Trim-Bikini-Jr--274498350.aspx?h=57067
BCF274499537,Juniors Two-Piece Midkini,http://www.burlingtoncoatfactory.com/burlingtoncoatfactory/Juniors-Two-Piece-Midkini-274499537.aspx?h=57067
BCF274499540,Juniors Two-Piece Print Midkini,http://www.burlingtoncoatfactory.com/burlingtoncoatfactory/Juniors-Two-Piece-Print-Midkini-274499540.aspx?h=57067
BCF274499579  ,Junior Block Print Monokini,http://www.burlingtoncoatfactory.com/burlingtoncoatfactory/Junior-Block-Print-Monokini-274499579.aspx?h=57067
BCF274499595 ,Juniors Bandeau-Top One-Piece Swimsuit,http://www.burlingtoncoatfactory.com/burlingtoncoatfactory/Juniors-Bandeau-Top-One-Piece-Swimsuit-274499595.aspx?h=57067
BCF275424789  ,Ombre Flower Petal Print One-Piece Swimsuit,http://www.burlingtoncoatfactory.com/burlingtoncoatfactory/Ombre-Flower-Petal-Print-One-Piece-Swimsuit-275424789.aspx?h=57067
BCF275424718 ,One-Piece Swim Dress,http://www.burlingtoncoatfactory.com/burlingtoncoatfactory/One-Piece-Swim-Dress-275424718.aspx?h=57067
BCF275450669,Plus Size Ruched Side One-Piece Swimsuit,http://www.burlingtoncoatfactory.com/burlingtoncoatfactory/Plus-Size-Ruched-Side-One-Piece-Swimsuit-275450669.aspx?h=57067
BCF275654520,Mosaic Print Bar Accent One-Piece Swimsuit,http://www.burlingtoncoatfactory.com/burlingtoncoatfactory/Mosaic-Print-Bar-Accent-One-Piece-Swimsuit-275654520.aspx?h=57067
BCF275666291,Plus Size Beaded Chiffon Cover-Up,http://www.burlingtoncoatfactory.com/burlingtoncoatfactory/Plus-Size-Beaded-Chiffon-Cover-Up-275666291.aspx?h=57067
BCF275764368,Off-The-Shoulder Tassel Trim Cover-Up,http://www.burlingtoncoatfactory.com/burlingtoncoatfactory/Off-The-Shoulder-Tassel-Trim-Cover-Up-275764368.aspx?h=57067
BCF275777449 ,Sparkle-Front Print Caftan,http://www.burlingtoncoatfactory.com/burlingtoncoatfactory/Sparkle-Front-Print-Caftan-275777449.aspx?h=57067
BCF275844327,Solid High Neck Keyhole One-Piece Swimsuit,http://www.burlingtoncoatfactory.com/burlingtoncoatfactory/Solid-High-Neck-Keyhole-One-Piece-Swimsuit-275844327.aspx?h=57067
BCF275884659 ,Juniors Swim Coverup with Crochet Hem,http://www.burlingtoncoatfactory.com/burlingtoncoatfactory/Juniors-Swim-Coverup-with-Crochet-Hem-275884659.aspx?h=57067
BCF275884646 ,Junior Hooded Cover-up with Front Pocket,http://www.burlingtoncoatfactory.com/burlingtoncoatfactory/Junior-Hooded-Cover-up-with-Front-Pocket-275884646.aspx?h=57067
BCF275884675 ,Juniors Embroidered Swim Cover-Up with Pom-Pom Hem,http://www.burlingtoncoatfactory.com/burlingtoncoatfactory/Juniors-Embroidered-Swim-Cover-Up-with-Pom-Pom-Hem-275884675.aspx?h=57067
BCF275884688 ,Juniors Gauze Swim Cover-Up with Crochet Trim,http://www.burlingtoncoatfactory.com/burlingtoncoatfactory/Juniors-Gauze-Swim-Cover-Up-with-Crochet-Trim-275884688.aspx?h=57067
BCF275884882 ,Convertible Ombre Swim Cover-Up,http://www.burlingtoncoatfactory.com/burlingtoncoatfactory/Convertible-Ombre-Swim-Cover-Up-275884882.aspx?h=57067
BCF275884578,Juniors Tie-Dye V-Neck Maxi Cover-Up with Bell Accents,http://www.burlingtoncoatfactory.com/burlingtoncoatfactory/Juniors-Tie-Dye-V-Neck-Maxi-Cover-Up-with-Bell-Accents-275884578.aspx?h=57067
BCF275884730 ,Juniors Maxi Skirt Swim Cover-Up,http://www.burlingtoncoatfactory.com/burlingtoncoatfactory/Juniors-Maxi-Skirt-Swim-Cover-Up-275884730.aspx?h=57067
BCF275884895,Juniors Strapless Tie Dyed Convertible Swim Cover-Up,http://www.burlingtoncoatfactory.com/burlingtoncoatfactory/Juniors-Strapless-Tie-Dyed-Convertible-Swim-Cover-Up-275884895.aspx?h=57067
BCF275884594 ,Juniors Sleeveless Tie-Dye Maxi Cover-Up,http://www.burlingtoncoatfactory.com/burlingtoncoatfactory/Juniors-Sleeveless-Tie-Dye-Maxi-Cover-Up-275884594.aspx?h=57067
BCF275884617,Juniors Strapless Tie Dye Swim Cover-Up,http://www.burlingtoncoatfactory.com/burlingtoncoatfactory/Juniors-Strapless-Tie-Dye-Swim-Cover-Up-275884617.aspx?h=57067
BCF275711531 ,Scuba Knit Midkini - Jr.,http://www.burlingtoncoatfactory.com/burlingtoncoatfactory/Scuba-Knit-Midkini-Jr--275711531.aspx?h=57067
BCF275343093 ,Low V-Back One Piece Swim Suit - Jr.,http://www.burlingtoncoatfactory.com/burlingtoncoatfactory/Low-V-Back-One-Piece-Swim-Suit-Jr--275343093.aspx?h=57067
BCF276013212,Off-The-Shoulder Sharkbite Hem Cover-Up - Juniors,http://www.burlingtoncoatfactory.com/burlingtoncoatfactory/Off-The-Shoulder-Sharkbite-Hem-Cover-Up-Juniors-276013212.aspx?h=57067
BCF276013953 ,Plus Size Hooded Swim Cover-Up,http://www.burlingtoncoatfactory.com/burlingtoncoatfactory/Plus-Size-Hooded-Swim-Cover-Up-276013953.aspx?h=57067
BCF276013979,Plus Size Laser Cut Tunic Swim Cover Up,http://www.burlingtoncoatfactory.com/burlingtoncoatfactory/Plus-Size-Laser-Cut-Tunic-Swim-Cover-Up-276013979.aspx?h=57067
BCF276013966 ,Plus-Size Button-Front Swim Cover-Up,http://www.burlingtoncoatfactory.com/burlingtoncoatfactory/Plus-Size-Button-Front-Swim-Cover-Up-276013966.aspx?h=57067
BCF276046108,Juniors Crocheted Swimsuit with Side Cutouts,http://www.burlingtoncoatfactory.com/burlingtoncoatfactory/Juniors-Crocheted-Swimsuit-with-Side-Cutouts-276046108.aspx?h=57067
BCF276120370,Juniors Off-The-Shoulder Bikini,http://www.burlingtoncoatfactory.com/burlingtoncoatfactory/Juniors-Off-The-Shoulder-Bikini-276120370.aspx?h=57067
BCF276120477  ,Juniors Print High-Waist 2-Piece Swimsuit,http://www.burlingtoncoatfactory.com/burlingtoncoatfactory/Juniors-Print-High-Waist-2-Piece-Swimsuit-276120477.aspx?h=57067
BCF276151970 ,Sunflower Print Caftan,http://www.burlingtoncoatfactory.com/burlingtoncoatfactory/Sunflower-Print-Caftan-276151970.aspx?h=57067
BCF276141867 ,V-Neck Bold-Print Sparkle Caftan,http://www.burlingtoncoatfactory.com/burlingtoncoatfactory/V-Neck-Bold-Print-Sparkle-Caftan-276141867.aspx?h=57067
BCF276141809 ,Sparkle Front Caftan,http://www.burlingtoncoatfactory.com/burlingtoncoatfactory/Sparkle-Front-Caftan-276141809.aspx?h=57067
BCF276141825 ,V-Neck Bold-Print Sparkle Caftan,http://www.burlingtoncoatfactory.com/burlingtoncoatfactory/V-Neck-Bold-Print-Sparkle-Caftan-276141825.aspx?h=57067
BCF276141838,Bold-Print Sparkle Caftan,http://www.burlingtoncoatfactory.com/burlingtoncoatfactory/Bold-Print-Sparkle-Caftan-276141838.aspx?h=57067
BCF276195567,Hooded Mesh Stripe Zip Front Swim Cover Up,http://www.burlingtoncoatfactory.com/burlingtoncoatfactory/Hooded-Mesh-Stripe-Zip-Front-Swim-Cover-Up-276195567.aspx?h=57067
BCF276204801 ,Juniors Floral Print Off The Shoulder Cover Up,http://www.burlingtoncoatfactory.com/burlingtoncoatfactory/Juniors-Floral-Print-Off-The-Shoulder-Cover-Up-276204801.aspx?h=57067
BCF276221570 ,Juniors Floral Print Swim Cover-Up with Lace Trim,http://www.burlingtoncoatfactory.com/burlingtoncoatfactory/Juniors-Floral-Print-Swim-Cover-Up-with-Lace-Trim-276221570.aspx?h=57067
BCF275566252,Ruched Side One-Piece Swimsuit,http://www.burlingtoncoatfactory.com/burlingtoncoatfactory/Ruched-Side-One-Piece-Swimsuit-275566252.aspx?h=57067
BCF276292130,Embroidered Yoke Tie Dye Tunic Cover Up,http://www.burlingtoncoatfactory.com/burlingtoncoatfactory/Embroidered-Yoke-Tie-Dye-Tunic-Cover-Up-276292130.aspx?h=57067
BCF275452803,Solid & Print Reversible One-Piece Swimsuit,http://www.burlingtoncoatfactory.com/burlingtoncoatfactory/Solid-Print-Reversible-One-Piece-Swimsuit-275452803.aspx?h=57067
BCF275452793,One-Piece Performance Swimsuit with Crisscross Back,http://www.burlingtoncoatfactory.com/burlingtoncoatfactory/One-Piece-Performance-Swimsuit-with-Crisscross-Back-275452793.aspx?h=57067
BCF276331978,Juniors High-Neck Bikini with Crochet Trim,http://www.burlingtoncoatfactory.com/burlingtoncoatfactory/Juniors-High-Neck-Bikini-with-Crochet-Trim-276331978.aspx?h=57067
BCF276331965,Juniors High-Neck Bikini with Crochet Trim,http://www.burlingtoncoatfactory.com/burlingtoncoatfactory/Juniors-High-Neck-Bikini-with-Crochet-Trim-276331965.aspx?h=57067
BCF276345647,Juniors Bold Print Off-The-Shoulder Bikini,http://www.burlingtoncoatfactory.com/burlingtoncoatfactory/Juniors-Bold-Print-Off-The-Shoulder-Bikini-276345647.aspx?h=57067
BCF276345650,Juniors Lace Print Off-The-Shoulder Bikini,http://www.burlingtoncoatfactory.com/burlingtoncoatfactory/Juniors-Lace-Print-Off-The-Shoulder-Bikini-276345650.aspx?h=57067
BCF276345579,Juniors Racerback Push-Up Bikini with Crochet Trim,http://www.burlingtoncoatfactory.com/burlingtoncoatfactory/Juniors-Racerback-Push-Up-Bikini-with-Crochet-Trim-276345579.aspx?h=57067
BCF27635634,Juniors Neon Tropical Print Push-Up Bikini,http://www.burlingtoncoatfactory.com/burlingtoncoatfactory/Juniors-Neon-Tropical-Print-Push-Up-Bikini-276345634.aspx?h=57067
BCF276345618,Juniors Neon Push-Up Bikini,http://www.burlingtoncoatfactory.com/burlingtoncoatfactory/Juniors-Neon-Push-Up-Bikini-276345618.aspx?h=57067
BCF276345605,Juniors Push-Up Bikini with Neon Piping,http://www.burlingtoncoatfactory.com/burlingtoncoatfactory/Juniors-Push-Up-Bikini-with-Neon-Piping-276345605.aspx?h=57067
BCF276345676,Juniors Crochet Push-Up Bikini with Caging,http://www.burlingtoncoatfactory.com/burlingtoncoatfactory/Juniors-Crochet-Push-Up-Bikini-with-Caging-276345676.aspx?h=57067
BCF276345663,Juniors Off-The-Shoulder Striped Bikini,http://www.burlingtoncoatfactory.com/burlingtoncoatfactory/Juniors-Off-The-Shoulder-Striped-Bikini-276345663.aspx?h=57067
BCF276373253,Juniors Strapless One-Piece Ruffled Print Swimsuit with Open Back,http://www.burlingtoncoatfactory.com/burlingtoncoatfactory/Juniors-Strapless-One-Piece-Ruffled-Print-Swimsuit-with-Open-Back-276373253.aspx?h=57067
BCF276373240,Juniors Mesh-Top Tankini,http://www.burlingtoncoatfactory.com/burlingtoncoatfactory/Juniors-Mesh-Top-Tankini-276373240.aspx?h=57067
BCF276373279,Juniors Twist-Front High-Waist Bikini,http://www.burlingtoncoatfactory.com/burlingtoncoatfactory/Juniors-Twist-Front-High-Waist-Bikini-276373279.aspx?h=57067
BCF276395053,Print Satin Caftan,http://www.burlingtoncoatfactory.com/burlingtoncoatfactory/Print-Satin-Caftan-276395053.aspx?h=57067
BCF276395066,Print Satin Caftan,http://www.burlingtoncoatfactory.com/burlingtoncoatfactory/Print-Satin-Caftan-276395066.aspx?h=57067
BCF276395040,Print Satin Caftan,http://www.burlingtoncoatfactory.com/burlingtoncoatfactory/Print-Satin-Caftan-276395040.aspx?h=57067
BCF276395079,Print Satin Caftan,http://www.burlingtoncoatfactory.com/burlingtoncoatfactory/Print-Satin-Caftan-276395079.aspx?h=57067
BCF276395082,Print Satin Caftan,http://www.burlingtoncoatfactory.com/burlingtoncoatfactory/Print-Satin-Caftan-276395082.aspx?h=57067
BCF276395150,Print Satin Caftan,http://www.burlingtoncoatfactory.com/burlingtoncoatfactory/Print-Satin-Caftan-276395150.aspx?h=57067
BCF276395134,V-Neck Satin Caftan,http://www.burlingtoncoatfactory.com/burlingtoncoatfactory/V-Neck-Satin-Caftan-276395134.aspx?h=57067
BCF276395147,Tie-Neck Satin Caftan,http://www.burlingtoncoatfactory.com/burlingtoncoatfactory/Tie-Neck-Satin-Caftan-276395147.aspx?h=57067
BCF281612695,Printed Maxi Caftan w/ Beaded Neckline,http://www.burlingtoncoatfactory.com/burlingtoncoatfactory/Printed-Maxi-Caftan-w-Beaded-Neckline-281612695.aspx?h=57067
BCF274483462,Bejeweled Chiffon Cover-Up,http://www.burlingtoncoatfactory.com/burlingtoncoatfactory/Bejeweled-Chiffon-Cover-Up-274483462.aspx?h=57067
BCF274483721,Animal Print Caftan w/ Embellished Neckline,http://www.burlingtoncoatfactory.com/burlingtoncoatfactory/Animal-Print-Caftan-w-Embellished-Neckline-274483721.aspx?h=57067
BCF274483488,Sheer Cover-Up Tunic with Bead & Rhinestone Embellishments,http://www.burlingtoncoatfactory.com/burlingtoncoatfactory/Sheer-Cover-Up-Tunic-with-Bead-Rhinestone-Embellishments-274483488.aspx?h=57067
BCF274498473,1pc Bathing Suit w/ Crochet Cut Out- Jr.,http://www.burlingtoncoatfactory.com/burlingtoncoatfactory/1pc-Bathing-Suit-w-Crochet-Cut-Out-Jr--274498473.aspx?h=57067
BCF274500510,Printed Swim Cover Up w/ Fringe,http://www.burlingtoncoatfactory.com/burlingtoncoatfactory/Printed-Swim-Cover-Up-w-Fringe-274500510.aspx?h=57067
BCF274846782,Juniors Swim Cover-Up Shorts,http://www.burlingtoncoatfactory.com/burlingtoncoatfactory/Juniors-Swim-Cover-Up-Shorts-274846782.aspx?h=57067
BCF274999736,Juniors Laser Cut Double Flounce Bikini,http://www.burlingtoncoatfactory.com/burlingtoncoatfactory/Juniors-Laser-Cut-Double-Flounce-Bikini-274999736.aspx?h=57067
BCF275421863,Braided Front Ruched 1-Piece Swimsuit,http://www.burlingtoncoatfactory.com/burlingtoncoatfactory/Braided-Front-Ruched-1-Piece-Swimsuit-275421863.aspx?h=57067
BCF275421902,Ruched & Braided One-Piece Swimsuit,http://www.burlingtoncoatfactory.com/burlingtoncoatfactory/Ruched-Braided-One-Piece-Swimsuit-275421902.aspx?h=57067
BCF275421892,Braided-Trim Monokini,http://www.burlingtoncoatfactory.com/burlingtoncoatfactory/Braided-Trim-Monokini-275421892.aspx?h=57067
BCF275427090,T-Shirt Mesh Cover-Up Dress,http://www.burlingtoncoatfactory.com/burlingtoncoatfactory/T-Shirt-Mesh-Cover-Up-Dress-275427090.aspx?h=57067
BCF275498074,Chevron Print Cover-Up with Sequined Accents,http://www.burlingtoncoatfactory.com/burlingtoncoatfactory/Chevron-Print-Cover-Up-with-Sequined-Accents-275498074.aspx?h=57067
BCF275498087,Long Sleeve Sequined Neckline Cover-Up,http://www.burlingtoncoatfactory.com/burlingtoncoatfactory/Long-Sleeve-Sequined-Neckline-Cover-Up-275498087.aspx?h=57067
BCF275498090,Printed Cover-Up with Beaded Neckline,http://www.burlingtoncoatfactory.com/burlingtoncoatfactory/Printed-Cover-Up-with-Beaded-Neckline-275498090.aspx?h=57067
BCF275566647,Dip-Back One-Piece Swimsuit,http://www.burlingtoncoatfactory.com/burlingtoncoatfactory/Dip-Back-One-Piece-Swimsuit-275566647.aspx?h=57067
BCF275566676,Ruffle Front Bandeau Tankini,http://www.burlingtoncoatfactory.com/burlingtoncoatfactory/Ruffle-Front-Bandeau-Tankini-275566676.aspx?h=57067
BCF275637071,Push-Up Bikini with Back Caging,http://www.burlingtoncoatfactory.com/burlingtoncoatfactory/Push-Up-Bikini-with-Back-Caging-275637071.aspx?h=57067
BCF275651523,Push-Up Bikini With Fishnet Overlay - Jr.,http://www.burlingtoncoatfactory.com/burlingtoncoatfactory/Push-Up-Bikini-With-Fishnet-Overlay-Jr--275651523.aspx?h=57067
BCF275651581,Push-Up Bikini with Fishnet Trim - Jr.,http://www.burlingtoncoatfactory.com/burlingtoncoatfactory/Push-Up-Bikini-with-Fishnet-Trim-Jr--275651581.aspx?h=57067
BCF275651604,Mosaic Print Ladder Back Bikini - Juniors,http://www.burlingtoncoatfactory.com/burlingtoncoatfactory/Mosaic-Print-Ladder-Back-Bikini-Juniors-275651604.aspx?h=57067
BCF275651714,Push-Up Bikini with Contrasting Trim - Juniors,http://www.burlingtoncoatfactory.com/burlingtoncoatfactory/Push-Up-Bikini-with-Contrasting-Trim-Juniors-275651714.aspx?h=57067
BCF275651824,One-Piece Swimsuit with Macrame Back - Juniors,http://www.burlingtoncoatfactory.com/burlingtoncoatfactory/One-Piece-Swimsuit-with-Macrame-Back-Juniors-275651824.aspx?h=57067
BCF275654465,Tiered Ruffle Bandeau One-Piece Swimsuit,http://www.burlingtoncoatfactory.com/burlingtoncoatfactory/Tiered-Ruffle-Bandeau-One-Piece-Swimsuit-275654465.aspx?h=57067
BCF275646473,Juniors Swim Cover-Up Shorts,http://www.burlingtoncoatfactory.com/burlingtoncoatfactory/Juniors-Swim-Cover-Up-Shorts-275646473.aspx?h=57067
BCF275654478,Ruffle-Front One-Piece Swimsuit,http://www.burlingtoncoatfactory.com/burlingtoncoatfactory/Ruffle-Front-One-Piece-Swimsuit-275654478.aspx?h=57067
BCF275654481,Crisscross Back One-Piece Swimsuit,http://www.burlingtoncoatfactory.com/burlingtoncoatfactory/Crisscross-Back-One-Piece-Swimsuit-275654481.aspx?h=57067
BCF275654494,Colorblock Halter-Top One-Piece Swimsuit,http://www.burlingtoncoatfactory.com/burlingtoncoatfactory/Colorblock-Halter-Top-One-Piece-Swimsuit-275654494.aspx?h=57067
BCF275654504,One-Piece Faux Wrap Swim Dress,http://www.burlingtoncoatfactory.com/burlingtoncoatfactory/One-Piece-Faux-Wrap-Swim-Dress-275654504.aspx?h=57067
BCF275654517,Print Ruffle-Front One-Piece Swimsuit,http://www.burlingtoncoatfactory.com/burlingtoncoatfactory/Print-Ruffle-Front-One-Piece-Swimsuit-275654517.aspx?h=57067
BCF275656052,Juniors Push-Up Bikini,http://www.burlingtoncoatfactory.com/burlingtoncoatfactory/Juniors-Push-Up-Bikini-275656052.aspx?h=57067
BCF275656405,Juniors Twist-Front Bandini Swimsuit,http://www.burlingtoncoatfactory.com/burlingtoncoatfactory/Juniors-Twist-Front-Bandini-Swimsuit-275656405.aspx?h=57067
BCF275666204,Off The Shoulder Swim Cover-Up,http://www.burlingtoncoatfactory.com/burlingtoncoatfactory/Off-The-Shoulder-Swim-Cover-Up-275666204.aspx?h=57067
BCF275666220,Cold Shoulder Embroidered Swim Cover-UP,http://www.burlingtoncoatfactory.com/burlingtoncoatfactory/Cold-Shoulder-Embroidered-Swim-Cover-UP-275666220.aspx?h=57067
BCF275666275,Jeweled Swim Cover-Up - Plus,http://www.burlingtoncoatfactory.com/burlingtoncoatfactory/Jeweled-Swim-Cover-Up-Plus-275666275.aspx?h=57067
BCF275666288,Plus Size Beaded Floral Caftan,http://www.burlingtoncoatfactory.com/burlingtoncoatfactory/Plus-Size-Beaded-Floral-Caftan-275666288.aspx?h=57067
BCF275666262,Printed Caftan w/ Beaded V-Neck - Plus,http://www.burlingtoncoatfactory.com/burlingtoncoatfactory/Printed-Caftan-w-Beaded-V-Neck-Plus-275666262.aspx?h=57067
BCF275677280,Lace Trimmed and Caged One-Piece Swimsuit,http://www.burlingtoncoatfactory.com/burlingtoncoatfactory/Lace-Trimmed-and-Caged-One-Piece-Swimsuit-275677280.aspx?h=57067
BCF275677167,Juniors One-Piece Feather-Print Swimsuit with Ladder Front and Macrame Back,http://www.burlingtoncoatfactory.com/burlingtoncoatfactory/Juniors-One-Piece-Feather-Print-Swimsuit-with-Ladder-Front-and-Macrame-Back-275677167.aspx?h=57067
BCF275677196,Caged Front T-Back Monokini- Juniors,http://www.burlingtoncoatfactory.com/burlingtoncoatfactory/Caged-Front-T-Back-Monokini-Juniors-275677196.aspx?h=57067
BCF275680701,Cold Shoulder Swim Coverup with Lace Trim,http://www.burlingtoncoatfactory.com/burlingtoncoatfactory/Cold-Shoulder-Swim-Coverup-with-Lace-Trim-275680701.aspx?h=57067
BCF275680743,Lace-Up Maxi Cover Up Dress w/ Pom-Pom Trim,http://www.burlingtoncoatfactory.com/burlingtoncoatfactory/Lace-Up-Maxi-Cover-Up-Dress-w-Pom-Pom-Trim-275680743.aspx?h=57067
BCF275680808,Sequined Accented Cover-Up with Pompom Sleeves,http://www.burlingtoncoatfactory.com/burlingtoncoatfactory/Sequined-Accented-Cover-Up-with-Pompom-Sleeves-275680808.aspx?h=57067
BCF275690597,Snake-Print Chiffon Swim Cover-Up with Beaded Front,http://www.burlingtoncoatfactory.com/burlingtoncoatfactory/Snake-Print-Chiffon-Swim-Cover-Up-with-Beaded-Front-275690597.aspx?h=57067
BCF275690681,Chiffon Caftan with Pom-Pom Trim,http://www.burlingtoncoatfactory.com/burlingtoncoatfactory/Chiffon-Caftan-with-Pom-Pom-Trim-275690681.aspx?h=57067
BCF275761811,Swim Coverup with Tassel Trim,http://www.burlingtoncoatfactory.com/burlingtoncoatfactory/Swim-Coverup-with-Tassel-Trim-275761811.aspx?h=57067
BCF275761853,White Off-The-Shoulder Cover Up with Crochet Trim,http://www.burlingtoncoatfactory.com/burlingtoncoatfactory/White-Off-The-Shoulder-Cover-Up-with-Crochet-Trim-275761853.aspx?h=57067
BCF275764397,Embroidered Sheer Chiffon Swim Cover-Up,http://www.burlingtoncoatfactory.com/burlingtoncoatfactory/Embroidered-Sheer-Chiffon-Swim-Cover-Up-275764397.aspx?h=57067
BCF275764436,Gauze Romper Swim Coverup,http://www.burlingtoncoatfactory.com/burlingtoncoatfactory/Gauze-Romper-Swim-Coverup-275764436.aspx?h=57067
BCF275764452,Swim Cover-Up Shorts with Crochet Trim,http://www.burlingtoncoatfactory.com/burlingtoncoatfactory/Swim-Cover-Up-Shorts-with-Crochet-Trim-275764452.aspx?h=57067
BCF275764517,Sleeveless Tie-Dye Swim Cover-Up - Plus,http://www.burlingtoncoatfactory.com/burlingtoncoatfactory/Sleeveless-Tie-Dye-Swim-Cover-Up-Plus-275764517.aspx?h=57067
BCF275764520,Swim Cover-Up Shorts with Crochet Trim - Plus,http://www.burlingtoncoatfactory.com/burlingtoncoatfactory/Swim-Cover-Up-Shorts-with-Crochet-Trim-Plus-275764520.aspx?h=57067
BCF275766269,One-Piece Open-Back Swimsuit with Graphic - Juniors,http://www.burlingtoncoatfactory.com/burlingtoncoatfactory/One-Piece-Open-Back-Swimsuit-with-Graphic-Juniors-275766269.aspx?h=57067
BCF275766272,Foil Print One Piece Swimsuit - Juniors,http://www.burlingtoncoatfactory.com/burlingtoncoatfactory/Foil-Print-One-Piece-Swimsuit-Juniors-275766272.aspx?h=57067
BCF275766395,Push-Up Bikini with Crochet Trim - Juniors,http://www.burlingtoncoatfactory.com/burlingtoncoatfactory/Push-Up-Bikini-with-Crochet-Trim-Juniors-275766395.aspx?h=57067
BCF275766353,Jungle Print High-Neck Bikini with Macrame Center - Juniors,http://www.burlingtoncoatfactory.com/burlingtoncoatfactory/Jungle-Print-High-Neck-Bikini-with-Macrame-Center-Juniors-275766353.aspx?h=57067
BCF275766324,Bold Print Push-Up Bikini - Juniors,http://www.burlingtoncoatfactory.com/burlingtoncoatfactory/Bold-Print-Push-Up-Bikini-Juniors-275766324.aspx?h=57067
BCF275768885,Chiffon Scoop Neck Carftan With Sequins,http://www.burlingtoncoatfactory.com/burlingtoncoatfactory/Chiffon-Scoop-Neck-Carftan-With-Sequins-275768885.aspx?h=57067
BCF275768869,Sheer Chiffon Caftan with Beaded Neckline,http://www.burlingtoncoatfactory.com/burlingtoncoatfactory/Sheer-Chiffon-Caftan-with-Beaded-Neckline-275768869.aspx?h=57067
BCF275777465,Floral Print Caftan with Sparkles,http://www.burlingtoncoatfactory.com/burlingtoncoatfactory/Floral-Print-Caftan-with-Sparkles-275777465.aspx?h=57067
BCF275746522,Crochet-Back Striped Tunic Cover-Up,http://www.burlingtoncoatfactory.com/burlingtoncoatfactory/Crochet-Back-Striped-Tunic-Cover-Up-275746522.aspx?h=57067
BCF275078818,Dotted Swiss Swim Cover-Up with Crochet Trim,http://www.burlingtoncoatfactory.com/burlingtoncoatfactory/Dotted-Swiss-Swim-Cover-Up-with-Crochet-Trim-275078818.aspx?h=57067
BCF275746519,Lace Swim Cover Up,http://www.burlingtoncoatfactory.com/burlingtoncoatfactory/Lace-Swim-Cover-Up-275746519.aspx?h=57067
BCF275646457,Juniors Rollover Waist Swim Cover-Up Shorts,http://www.burlingtoncoatfactory.com/burlingtoncoatfactory/Juniors-Rollover-Waist-Swim-Cover-Up-Shorts-275646457.aspx?h=57067
BCF275796747,Crocheted One-Piece Swimsuit - Juniors,http://www.burlingtoncoatfactory.com/burlingtoncoatfactory/Crocheted-One-Piece-Swimsuit-Juniors-275796747.aspx?h=57067
BCF275796776,Juniors Embroidered One-Piece Swimsuit with Ladder Detail,http://www.burlingtoncoatfactory.com/burlingtoncoatfactory/Juniors-Embroidered-One-Piece-Swimsuit-with-Ladder-Detail-275796776.aspx?h=57067
BCF275827166,Plus Size Crochet Yoke Swim Cover-Up,http://www.burlingtoncoatfactory.com/burlingtoncoatfactory/Plus-Size-Crochet-Yoke-Swim-Cover-Up-275827166.aspx?h=57067
BCF275884727,Juniors Lace Hem Maxi Cover-Up,http://www.burlingtoncoatfactory.com/burlingtoncoatfactory/Juniors-Lace-Hem-Maxi-Cover-Up-275884727.aspx?h=57067
BCF275884620,Juniors Maxi Coverup with Embellished Deep V-Neck,http://www.burlingtoncoatfactory.com/burlingtoncoatfactory/Juniors-Maxi-Coverup-with-Embellished-Deep-V-Neck-275884620.aspx?h=57067
BCF275905693,High-Neck Bikini with Caged Back - Juniors,http://www.burlingtoncoatfactory.com/burlingtoncoatfactory/High-Neck-Bikini-with-Caged-Back-Juniors-275905693.aspx?h=57067
BCF275905703,Print Push-Up Bikini with Caging - Juniors,http://www.burlingtoncoatfactory.com/burlingtoncoatfactory/Print-Push-Up-Bikini-with-Caging-Juniors-275905703.aspx?h=57067
BCF275905732,Push-Up Racerback Bikini with Crocheted Panels - Juniors,http://www.burlingtoncoatfactory.com/burlingtoncoatfactory/Push-Up-Racerback-Bikini-with-Crocheted-Panels-Juniors-275905732.aspx?h=57067
BCF275925327,Embroidered Sleeveless Swim Cover-up,http://www.burlingtoncoatfactory.com/burlingtoncoatfactory/Embroidered-Sleeveless-Swim-Cover-up-275925327.aspx?h=57067
BCF275925398,Bell Sleeve Boat Neck Swim Cover-Up - Plus,http://www.burlingtoncoatfactory.com/burlingtoncoatfactory/Bell-Sleeve-Boat-Neck-Swim-Cover-Up-Plus-275925398.aspx?h=57067
BCF275925411,Cold Shoulder Swim Cover-up - Plus,http://www.burlingtoncoatfactory.com/burlingtoncoatfactory/Cold-Shoulder-Swim-Cover-up-Plus-275925411.aspx?h=57067
BCF275937797,One-Shoulder Swimsuit with Side Caging - Juniors,http://www.burlingtoncoatfactory.com/burlingtoncoatfactory/One-Shoulder-Swimsuit-with-Side-Caging-Juniors-275937797.aspx?h=57067
BCF275937771,Black 2-Piece Bikini with Crocheted High-Neck - Juniors,http://www.burlingtoncoatfactory.com/burlingtoncoatfactory/Black-2-Piece-Bikini-with-Crocheted-High-Neck-Juniors-275937771.aspx?h=57067
BCF275937784,Cobalt 2-Piece Bikini with Crocheted High-Neck - Juniors,http://www.burlingtoncoatfactory.com/burlingtoncoatfactory/Cobalt-2-Piece-Bikini-with-Crocheted-High-Neck-Juniors-275937784.aspx?h=57067
BCF275937755,Colorblock Push-Up Bikini with Caging - Juniors,http://www.burlingtoncoatfactory.com/burlingtoncoatfactory/Colorblock-Push-Up-Bikini-with-Caging-Juniors-275937755.aspx?h=57067
BCF275937739,Push-Up Racerback Bikini with Crochet Trim - Juniors,http://www.burlingtoncoatfactory.com/burlingtoncoatfactory/Push-Up-Racerback-Bikini-with-Crochet-Trim-Juniors-275937739.aspx?h=57067
BCF275947169,Juniors Push-Up Bikini with Mesh Sides,http://www.burlingtoncoatfactory.com/burlingtoncoatfactory/Juniors-Push-Up-Bikini-with-Mesh-Sides-275947169.aspx?h=57067
BCF275954013,Damask Print Sheer Cover-Up Caftan with Sequin Detail,http://www.burlingtoncoatfactory.com/burlingtoncoatfactory/Damask-Print-Sheer-Cover-Up-Caftan-with-Sequin-Detail-275954013.aspx?h=57067
BCF275769457,Sparkle Animal Print Cover-Up Tunic,http://www.burlingtoncoatfactory.com/burlingtoncoatfactory/Sparkle-Animal-Print-Cover-Up-Tunic-275769457.aspx?h=57067
BCF275974242,Mid-Length Sparkle Caftan,http://www.burlingtoncoatfactory.com/burlingtoncoatfactory/Mid-Length-Sparkle-Caftan-275974242.aspx?h=57067
BCF275974336,Bold-Print Sparkle Caftan,http://www.burlingtoncoatfactory.com/burlingtoncoatfactory/Bold-Print-Sparkle-Caftan-275974336.aspx?h=57067
BCF275974323,V-Neck Caftan,http://www.burlingtoncoatfactory.com/burlingtoncoatfactory/V-Neck-Caftan-275974323.aspx?h=57067
BCF275995166,Crochet Trim Swim Coverup - Juniors,http://www.burlingtoncoatfactory.com/burlingtoncoatfactory/Crochet-Trim-Swim-Coverup-Juniors-275995166.aspx?h=57067
BCF275994594,Juniors Floral-Print Swim Cover-Up with Crisscross Back,http://www.burlingtoncoatfactory.com/burlingtoncoatfactory/Juniors-Floral-Print-Swim-Cover-Up-with-Crisscross-Back-275994594.aspx?h=57067
BCF275994617,Cold Shoulder Swim Cover-Up - Juniors,http://www.burlingtoncoatfactory.com/burlingtoncoatfactory/Cold-Shoulder-Swim-Cover-Up-Juniors-275994617.aspx?h=57067
BCF275995182,Sleeveless Racerback Swim Coverup - Juniors,http://www.burlingtoncoatfactory.com/burlingtoncoatfactory/Sleeveless-Racerback-Swim-Coverup-Juniors-275995182.aspx?h=57067
BCF275995153,Neon Fringe Trim Cover-Up - Juniors,http://www.burlingtoncoatfactory.com/burlingtoncoatfactory/Neon-Fringe-Trim-Cover-Up-Juniors-275995153.aspx?h=57067
BCF275995218,Crisscross Back Kimono Sleeve Swim Coverup - Juniors,http://www.burlingtoncoatfactory.com/burlingtoncoatfactory/Crisscross-Back-Kimono-Sleeve-Swim-Coverup-Juniors-275995218.aspx?h=57067
BCF276013076,Off-The-Shoulder Crochet Cover-Up - Juniors,http://www.burlingtoncoatfactory.com/burlingtoncoatfactory/Off-The-Shoulder-Crochet-Cover-Up-Juniors-276013076.aspx?h=57067
BCF276013063,Lace Coverup with Cinched Racerback - Juniors,http://www.burlingtoncoatfactory.com/burlingtoncoatfactory/Lace-Coverup-with-Cinched-Racerback-Juniors-276013063.aspx?h=57067
BCF276013209,Cold-Shoulder Swim Cover-Up - Juniors,http://www.burlingtoncoatfactory.com/burlingtoncoatfactory/Cold-Shoulder-Swim-Cover-Up-Juniors-276013209.aspx?h=57067
BCF276046247,Juniors Neon Print Push-Up Bikini with Side Caging,http://www.burlingtoncoatfactory.com/burlingtoncoatfactory/Juniors-Neon-Print-Push-Up-Bikini-with-Side-Caging-276046247.aspx?h=57067
BCF276046179,Juniors High-Neck Bikini with Macrame Trim,http://www.burlingtoncoatfactory.com/burlingtoncoatfactory/Juniors-High-Neck-Bikini-with-Macrame-Trim-276046179.aspx?h=57067
BCF276046182,Juniors High-Neck Bikini with Macrame Trim,http://www.burlingtoncoatfactory.com/burlingtoncoatfactory/Juniors-High-Neck-Bikini-with-Macrame-Trim-276046182.aspx?h=57067
BCF276117684,Open Back Coverup with Beaded Neck,http://www.burlingtoncoatfactory.com/burlingtoncoatfactory/Open-Back-Coverup-with-Beaded-Neck-276117684.aspx?h=57067
BCF276117671,Gauze Swim Cover-Up with Tassel Tie,http://www.burlingtoncoatfactory.com/burlingtoncoatfactory/Gauze-Swim-Cover-Up-with-Tassel-Tie-276117671.aspx?h=57067
BCF276117697,Floral Maxi Coverup with Beaded Plunging Neckline,http://www.burlingtoncoatfactory.com/burlingtoncoatfactory/Floral-Maxi-Coverup-with-Beaded-Plunging-Neckline-276117697.aspx?h=57067
BCF276117655,3/4 Sleeve Swim Cover-Up Romper with Crochet Trim,http://www.burlingtoncoatfactory.com/burlingtoncoatfactory/3-4-Sleeve-Swim-Cover-Up-Romper-with-Crochet-Trim-276117655.aspx?h=57067
BCF276117707,Beaded Neck Diamond Print Coverup,http://www.burlingtoncoatfactory.com/burlingtoncoatfactory/Beaded-Neck-Diamond-Print-Coverup-276117707.aspx?h=57067
BCF276117710,Black & White Striped Romper Swim Cover-Up,http://www.burlingtoncoatfactory.com/burlingtoncoatfactory/Black-White-Striped-Romper-Swim-Cover-Up-276117710.aspx?h=57067
BCF276132533,Beach Cover-Up with Tie-Front,http://www.burlingtoncoatfactory.com/burlingtoncoatfactory/Beach-Cover-Up-with-Tie-Front-276132533.aspx?h=57067
BCF276132559,Short Sleeve Mesh Swim Cover-Up with Ring Closure,http://www.burlingtoncoatfactory.com/burlingtoncoatfactory/Short-Sleeve-Mesh-Swim-Cover-Up-with-Ring-Closure-276132559.aspx?h=57067
BCF276132562,Cap-Sleeve Swim Cover-Up with Side Ruching,http://www.burlingtoncoatfactory.com/burlingtoncoatfactory/Cap-Sleeve-Swim-Cover-Up-with-Side-Ruching-276132562.aspx?h=57067
BCF276136681,Chevron Lace Swim Coverup,http://www.burlingtoncoatfactory.com/burlingtoncoatfactory/Chevron-Lace-Swim-Coverup-276136681.aspx?h=57067
BCF276136704,Off-The-Shoulder Chevron Print Cover-Up,http://www.burlingtoncoatfactory.com/burlingtoncoatfactory/Off-The-Shoulder-Chevron-Print-Cover-Up-276136704.aspx?h=57067
BCF276136762,Crochet V-neck Cover-Up,http://www.burlingtoncoatfactory.com/burlingtoncoatfactory/Crochet-V-neck-Cover-Up-276136762.aspx?h=57067
BCF276136775,Mesh Flutter Sleeve Swim Cover-up,http://www.burlingtoncoatfactory.com/burlingtoncoatfactory/Mesh-Flutter-Sleeve-Swim-Cover-up-276136775.aspx?h=57067
BCF276136788,Leopard Print Mesh Cover-up,http://www.burlingtoncoatfactory.com/burlingtoncoatfactory/Leopard-Print-Mesh-Cover-up-276136788.aspx?h=57067
BCF275796462,Racer Back 2-piece Tankini - Plus,http://www.burlingtoncoatfactory.com/burlingtoncoatfactory/Racer-Back-2-piece-Tankini-Plus-275796462.aspx?h=57067
BCF275798570,Bold Print Bikini - Plus,http://www.burlingtoncoatfactory.com/burlingtoncoatfactory/Bold-Print-Bikini-Plus-275798570.aspx?h=57067
BCF275798761,Laser Cut Bikini - Plus,http://www.burlingtoncoatfactory.com/burlingtoncoatfactory/Laser-Cut-Bikini-Plus-275798761.aspx?h=57067
BCF276142060,Juniors One-Piece Floral Print Swimsuit with Macrame Back,http://www.burlingtoncoatfactory.com/burlingtoncoatfactory/Juniors-One-Piece-Floral-Print-Swimsuit-with-Macrame-Back-276142060.aspx?h=57067
BCF276142073,Juniors Macrame Trim Bikini,http://www.burlingtoncoatfactory.com/burlingtoncoatfactory/Juniors-Macrame-Trim-Bikini-276142073.aspx?h=57067
BCF276142086,Juniors Macrame Trim Print Bikini,http://www.burlingtoncoatfactory.com/burlingtoncoatfactory/Juniors-Macrame-Trim-Print-Bikini-276142086.aspx?h=57067
BCF276150845,Bold-Print Caftan,http://www.burlingtoncoatfactory.com/burlingtoncoatfactory/Bold-Print-Caftan-276150845.aspx?h=57067
BCF276188202,Crochet Back Swimsuit - Juniors,http://www.burlingtoncoatfactory.com/burlingtoncoatfactory/Crochet-Back-Swimsuit-Juniors-276188202.aspx?h=57067
BCF276188215,One-Piece Caged Front Mesh Bathing Suit - Juniors,http://www.burlingtoncoatfactory.com/burlingtoncoatfactory/One-Piece-Caged-Front-Mesh-Bathing-Suit-Juniors-276188215.aspx?h=57067
BCF276188228,Juniors Mesh-Trimmed Bikini,http://www.burlingtoncoatfactory.com/burlingtoncoatfactory/Juniors-Mesh-Trimmed-Bikini-276188228.aspx?h=57067
BCF276188244,Juniors Twist-Front Push-Up Bikini,http://www.burlingtoncoatfactory.com/burlingtoncoatfactory/Juniors-Twist-Front-Push-Up-Bikini-276188244.aspx?h=57067
BCF276188231,Juniors High-Waist Push-Up Bikini with Side Caging,http://www.burlingtoncoatfactory.com/burlingtoncoatfactory/Juniors-High-Waist-Push-Up-Bikini-with-Side-Caging-276188231.aspx?h=57067
BCF276188257,Two Piece Lace-Up Bustier Top Bikini,http://www.burlingtoncoatfactory.com/burlingtoncoatfactory/Two-Piece-Lace-Up-Bustier-Top-Bikini-276188257.aspx?h=57067
BCF276188260,High-Neck Swimsuit with Fishnet Trim,http://www.burlingtoncoatfactory.com/burlingtoncoatfactory/High-Neck-Swimsuit-with-Fishnet-Trim-276188260.aspx?h=57067
BCF276200180,Tassel Trim Swim Coverup,http://www.burlingtoncoatfactory.com/burlingtoncoatfactory/Tassel-Trim-Swim-Coverup-276200180.aspx?h=57067
BCF276196375,Crochet and Lace Cove-Up,http://www.burlingtoncoatfactory.com/burlingtoncoatfactory/Crochet-and-Lace-Cove-Up-276196375.aspx?h=57067
BCF276203970,Tie Dye Sheer Cover-Up with Cross Strap Back - Juniors,http://www.burlingtoncoatfactory.com/burlingtoncoatfactory/Tie-Dye-Sheer-Cover-Up-with-Cross-Strap-Back-Juniors-276203970.aspx?h=57067
BCF276203983,Juniors Crochet Trim Cover-Up,http://www.burlingtoncoatfactory.com/burlingtoncoatfactory/Juniors-Crochet-Trim-Cover-Up-276203983.aspx?h=57067
BCF276204791,Juniors Kaleidoscope Print Cover Up with Pom Pom Neckline,http://www.burlingtoncoatfactory.com/burlingtoncoatfactory/Juniors-Kaleidoscope-Print-Cover-Up-with-Pom-Pom-Neckline-276204791.aspx?h=57067
BCF276204704,Crochet Kimono Swim Cover-Up with Fringe,http://www.burlingtoncoatfactory.com/burlingtoncoatfactory/Crochet-Kimono-Swim-Cover-Up-with-Fringe-276204704.aspx?h=57067
BCF276220115,Juniors Sleeveless Crochet Cover-Up Romper,http://www.burlingtoncoatfactory.com/burlingtoncoatfactory/Juniors-Sleeveless-Crochet-Cover-Up-Romper-276220115.aspx?h=57067
BCF276228117,Beaded Chiffon Tunic Swim Coverup,http://www.burlingtoncoatfactory.com/burlingtoncoatfactory/Beaded-Chiffon-Tunic-Swim-Coverup-276228117.aspx?h=57067
BCF276231308,Burnout Maxi Cover-Up with Trim Detail,http://www.burlingtoncoatfactory.com/burlingtoncoatfactory/Burnout-Maxi-Cover-Up-with-Trim-Detail-276231308.aspx?h=57067
BCF276231311,Short Sleeve Open-Front Swim Cover-Up with Tassels,http://www.burlingtoncoatfactory.com/burlingtoncoatfactory/Short-Sleeve-Open-Front-Swim-Cover-Up-with-Tassels-276231311.aspx?h=57067
BCF276244159,Juniors Sleeveless Lace Swim Cover-Up,http://www.burlingtoncoatfactory.com/burlingtoncoatfactory/Juniors-Sleeveless-Lace-Swim-Cover-Up-276244159.aspx?h=57067
BCF275980333,Sleeveless Zippered Swim Coverup,http://www.burlingtoncoatfactory.com/burlingtoncoatfactory/Sleeveless-Zippered-Swim-Coverup-275980333.aspx?h=57067
BCF275980320,Sleeveless Textured Swim Coverup,http://www.burlingtoncoatfactory.com/burlingtoncoatfactory/Sleeveless-Textured-Swim-Coverup-275980320.aspx?h=57067
BCF275452777,High-Neck One-Piece Performance Swimsuit with Open Back,http://www.burlingtoncoatfactory.com/burlingtoncoatfactory/High-Neck-One-Piece-Performance-Swimsuit-with-Open-Back-275452777.aspx?h=57067
BCF276231324,Tie-Dye Sleeveless Swim Cover-Up with Braided Straps,http://www.burlingtoncoatfactory.com/burlingtoncoatfactory/Tie-Dye-Sleeveless-Swim-Cover-Up-with-Braided-Straps-276231324.aspx?h=57067
BCF275497978,Sequin-Embellished Printed Cover-Up,http://www.burlingtoncoatfactory.com/burlingtoncoatfactory/Sequin-Embellished-Printed-Cover-Up-275497978.aspx?h=57067
BCF275651594,Ombre 2-Piece Bikini - Juniors,http://www.burlingtoncoatfactory.com/burlingtoncoatfactory/Ombre-2-Piece-Bikini-Juniors-275651594.aspx?h=57067
BCF275651727,Jungle Print Push-Up Bandeau Bikini - Juniors,http://www.burlingtoncoatfactory.com/burlingtoncoatfactory/Jungle-Print-Push-Up-Bandeau-Bikini-Juniors-275651727.aspx?h=57067
BCF275680756,Denim-Look Kimono Cover Up w/ Embroidered Trim,http://www.burlingtoncoatfactory.com/burlingtoncoatfactory/Denim-Look-Kimono-Cover-Up-w-Embroidered-Trim-275680756.aspx?h=57067
BCF275680730,Tassel Cover-Up Dress,http://www.burlingtoncoatfactory.com/burlingtoncoatfactory/Tassel-Cover-Up-Dress-275680730.aspx?h=57067
BCF275680714,Embroidered Cold Shoulder Cover Up Tunic,http://www.burlingtoncoatfactory.com/burlingtoncoatfactory/Embroidered-Cold-Shoulder-Cover-Up-Tunic-275680714.aspx?h=57067
BCF275690555,Lace-Up Striped Cover Up Dress,http://www.burlingtoncoatfactory.com/burlingtoncoatfactory/Lace-Up-Striped-Cover-Up-Dress-275690555.aspx?h=57067
BCF275690607,Beaded Neck Cold-Shoulder Tunic Cover Up,http://www.burlingtoncoatfactory.com/burlingtoncoatfactory/Beaded-Neck-Cold-Shoulder-Tunic-Cover-Up-275690607.aspx?h=57067
BCF275761808,Embroidered Swim Coverup with Tassel Tie Closure,http://www.burlingtoncoatfactory.com/burlingtoncoatfactory/Embroidered-Swim-Coverup-with-Tassel-Tie-Closure-275761808.aspx?h=57067
BCF275761824,Sleeveless Coverup with Crochet Trim,http://www.burlingtoncoatfactory.com/burlingtoncoatfactory/Sleeveless-Coverup-with-Crochet-Trim-275761824.aspx?h=57067
BCF275764410,Sleeveless Swim Coverup with Flyaway Front,http://www.burlingtoncoatfactory.com/burlingtoncoatfactory/Sleeveless-Swim-Coverup-with-Flyaway-Front-275764410.aspx?h=57067
BCF275764423,Sleeveless Tie-Dye Swim Coverup,http://www.burlingtoncoatfactory.com/burlingtoncoatfactory/Sleeveless-Tie-Dye-Swim-Coverup-275764423.aspx?h=57067
BCF275764481,Sheer Chiffon Swim Cover-Up with Crochet Trim,http://www.burlingtoncoatfactory.com/burlingtoncoatfactory/Sheer-Chiffon-Swim-Cover-Up-with-Crochet-Trim-275764481.aspx?h=57067
BCF275764494,Embroidered Caftan with Pom Pom Trim,http://www.burlingtoncoatfactory.com/burlingtoncoatfactory/Embroidered-Caftan-with-Pom-Pom-Trim-275764494.aspx?h=57067
BCF275764575,Sheer Chiffon Swim Cover-Up with Crochet Trim - Plus,http://www.burlingtoncoatfactory.com/burlingtoncoatfactory/Sheer-Chiffon-Swim-Cover-Up-with-Crochet-Trim-Plus-275764575.aspx?h=57067
BCF275925369,Short Sleeve Swim Cover-up with Embroidered Inset,http://www.burlingtoncoatfactory.com/burlingtoncoatfactory/Short-Sleeve-Swim-Cover-up-with-Embroidered-Inset-275925369.aspx?h=57067
BCF275925330,Bell Sleeve Boat Neck Swim Cover-Up,http://www.burlingtoncoatfactory.com/burlingtoncoatfactory/Bell-Sleeve-Boat-Neck-Swim-Cover-Up-275925330.aspx?h=57067
BCF275925343,Embroidered Textured Swim Coverup with Crochet Trim,http://www.burlingtoncoatfactory.com/burlingtoncoatfactory/Embroidered-Textured-Swim-Coverup-with-Crochet-Trim-275925343.aspx?h=57067
BCF275937768,High-Neck Bikini with Crochet Trim - Juniors,http://www.burlingtoncoatfactory.com/burlingtoncoatfactory/High-Neck-Bikini-with-Crochet-Trim-Juniors-275937768.aspx?h=57067
BCF275947156,Push-Up Bikini with Fishnet Trim,http://www.burlingtoncoatfactory.com/burlingtoncoatfactory/Push-Up-Bikini-with-Fishnet-Trim-275947156.aspx?h=57067
BCF275947172,Push-Up Bikini with Fishnet Trim - Juniors,http://www.burlingtoncoatfactory.com/burlingtoncoatfactory/Push-Up-Bikini-with-Fishnet-Trim-Juniors-275947172.aspx?h=57067
BCF275666686,Gauze Button-Front Swim Cover-Up,http://www.burlingtoncoatfactory.com/burlingtoncoatfactory/Gauze-Button-Front-Swim-Cover-Up-275666686.aspx?h=57067
BCF275994604,Sheer Cold Shoulder Swim Cover-up - Juniors,http://www.burlingtoncoatfactory.com/burlingtoncoatfactory/Sheer-Cold-Shoulder-Swim-Cover-up-Juniors-275994604.aspx?h=57067
BCF275995205,Chevron Pattern Crocheted Swim Coverup - Juniors,http://www.burlingtoncoatfactory.com/burlingtoncoatfactory/Chevron-Pattern-Crocheted-Swim-Coverup-Juniors-275995205.aspx?h=57067
BCF276117736,Gauze Romper Swim Coverup,http://www.burlingtoncoatfactory.com/burlingtoncoatfactory/Gauze-Romper-Swim-Coverup-276117736.aspx?h=57067
BCF276136694,Chevron Mesh Swim Cover-Up,http://www.burlingtoncoatfactory.com/burlingtoncoatfactory/Chevron-Mesh-Swim-Cover-Up-276136694.aspx?h=57067
BCF276136717,Chevron Pattern High-Low Swim Cover-up,http://www.burlingtoncoatfactory.com/burlingtoncoatfactory/Chevron-Pattern-High-Low-Swim-Cover-up-276136717.aspx?h=57067
BCF276196362,Women's Ombre Swim Cover-up with Crochet Detail,http://www.burlingtoncoatfactory.com/burlingtoncoatfactory/Women-s-Ombre-Swim-Cover-up-with-Crochet-Detail-276196362.aspx?h=57067
BCF276200216,Tassel Trim Caftan,http://www.burlingtoncoatfactory.com/burlingtoncoatfactory/Tassel-Trim-Caftan-276200216.aspx?h=57067
BCF276200203,Fringe-Trimmed Swim Coverup,http://www.burlingtoncoatfactory.com/burlingtoncoatfactory/Fringe-Trimmed-Swim-Coverup-276200203.aspx?h=57067
BCF276231447,Ombre Swim Coverup with Braided Straps - Plus,http://www.burlingtoncoatfactory.com/burlingtoncoatfactory/Ombre-Swim-Coverup-with-Braided-Straps-Plus-276231447.aspx?h=57067
BCF461235872 ,Mens Geo Print Cargo Board Shorts,"http://www.burlingtoncoatfactory.com/burlingtoncoatfactory/Mens-Geo-Print-Cargo-Board-Shorts-461235872.aspx?h=57367,66578"
BCF461235885 ,Mens Cargo Swim Trunks,"http://www.burlingtoncoatfactory.com/burlingtoncoatfactory/Mens-Cargo-Swim-Trunks-461235885.aspx?h=57367,66578"
BCF461347922,Mens Geo Print Swim Trunks with Cargo Pockets,"http://www.burlingtoncoatfactory.com/burlingtoncoatfactory/Mens-Geo-Print-Swim-Trunks-with-Cargo-Pockets-461347922.aspx?h=57367,66578"
BCF461347896   ,Mens Amoeba Print Cargo Swim Trunks,"http://www.burlingtoncoatfactory.com/burlingtoncoatfactory/Mens-Amoeba-Print-Cargo-Swim-Trunks-461347896.aspx?h=57367,66578"
BCF461347883,Mens Amoeba Print Cargo Swim Trunks,"http://www.burlingtoncoatfactory.com/burlingtoncoatfactory/Mens-Amoeba-Print-Cargo-Swim-Trunks-461347883.aspx?h=57367,66578"
BCF461347935,Mens Cargo Swim Trunks with Allover Dot Print,"http://www.burlingtoncoatfactory.com/burlingtoncoatfactory/Mens-Cargo-Swim-Trunks-with-Allover-Dot-Print-461347935.aspx?h=57367,66578"
BCF461467970  ,Mens Striped Black Stretch Board Shorts,"http://www.burlingtoncoatfactory.com/burlingtoncoatfactory/Mens-Striped-Black-Stretch-Board-Shorts-461467970.aspx?h=57367,66578"
BCF461467909  ,Mens Black & Teal Color Block Stretch Board Shorts,"http://www.burlingtoncoatfactory.com/burlingtoncoatfactory/Mens-Black-Teal-Color-Block-Stretch-Board-Shorts-461467909.aspx?h=57367,66578"
BCF461467912,Mens Blue Color Block Stretch Board Shorts,"http://www.burlingtoncoatfactory.com/burlingtoncoatfactory/Mens-Blue-Color-Block-Stretch-Board-Shorts-461467912.aspx?h=57367,66578"
BCF461467938,Mens Sunny Blue Color Block Board Shorts,"http://www.burlingtoncoatfactory.com/burlingtoncoatfactory/Mens-Sunny-Blue-Color-Block-Board-Shorts-461467938.aspx?h=57367,66578"
BCF461468047 ,Mens Blue Board Shorts with Overlapping Surfer Print,"http://www.burlingtoncoatfactory.com/burlingtoncoatfactory/Mens-Blue-Board-Shorts-with-Overlapping-Surfer-Print-461468047.aspx?h=57367,66578"
BCF461825017 ,Mens Print Board Shorts,"http://www.burlingtoncoatfactory.com/burlingtoncoatfactory/Mens-Print-Board-Shorts-461825017.aspx?h=57367,66578"
BCF461825004  ,Mens Grey Print Board Shorts,"http://www.burlingtoncoatfactory.com/burlingtoncoatfactory/Mens-Grey-Print-Board-Shorts-461825004.aspx?h=57367,66578"
BCF461824982 ,Mens Print Board Shorts,"http://www.burlingtoncoatfactory.com/burlingtoncoatfactory/Mens-Print-Board-Shorts-461824982.aspx?h=57367,66578"
BCF461824995 ,Mens Sand Print Board Shorts,"http://www.burlingtoncoatfactory.com/burlingtoncoatfactory/Mens-Sand-Print-Board-Shorts-461824995.aspx?h=57367,66578"
BCF461836190 ,Mens Black & Blue Box Print Swim Trunks,"http://www.burlingtoncoatfactory.com/burlingtoncoatfactory/Mens-Black-Blue-Box-Print-Swim-Trunks-461836190.aspx?h=57367,66578"
BCF461834558,Mens Print Board Shorts,"http://www.burlingtoncoatfactory.com/burlingtoncoatfactory/Mens-Print-Board-Shorts-461834558.aspx?h=57367,66578"
BCF461926835 ,Embossed Swim Trunks,"http://www.burlingtoncoatfactory.com/burlingtoncoatfactory/Embossed-Swim-Trunks-461926835.aspx?h=57367,66578"
BCF461926848,Mens Color Block Swim Trunks,"http://www.burlingtoncoatfactory.com/burlingtoncoatfactory/Mens-Color-Block-Swim-Trunks-461926848.aspx?h=57367,66578"
BCF461928914 ,Mens Color Block Swim Trunks,"http://www.burlingtoncoatfactory.com/burlingtoncoatfactory/Mens-Color-Block-Swim-Trunks-461928914.aspx?h=57367,66578"
BCF461928901 ,Mens Swim Trunks with Cargo Pocket,"http://www.burlingtoncoatfactory.com/burlingtoncoatfactory/Mens-Swim-Trunks-with-Cargo-Pocket-461928901.aspx?h=57367,66578"
BCF462037972 ,Mens Sailboat Print Swim Trunks with Embroidered Logo,"http://www.burlingtoncoatfactory.com/burlingtoncoatfactory/Mens-Sailboat-Print-Swim-Trunks-with-Embroidered-Logo-462037972.aspx?h=57367,66578"
BCF462037985 ,Mens Swim Trunks with Contrast Waistband,"http://www.burlingtoncoatfactory.com/burlingtoncoatfactory/Mens-Swim-Trunks-with-Contrast-Waistband-462037985.aspx?h=57367,66578"
BCF462037969,Mens Color Block Swim Trunks with Embroidered Logo,"http://www.burlingtoncoatfactory.com/burlingtoncoatfactory/Mens-Color-Block-Swim-Trunks-with-Embroidered-Logo-462037969.aspx?h=57367,66578"
BCF462037943 ,Mens Plaid Swim Trunks with Embroidered Logo,"http://www.burlingtoncoatfactory.com/burlingtoncoatfactory/Mens-Plaid-Swim-Trunks-with-Embroidered-Logo-462037943.aspx?h=57367,66578"
BCF461235856 ,Cargo Board Shorts,"http://www.burlingtoncoatfactory.com/burlingtoncoatfactory/Cargo-Board-Shorts-461235856.aspx?h=57367,66578"
BCF461347867 ,Mens Striped Swim Trunks with Cargo Pockets,"http://www.burlingtoncoatfactory.com/burlingtoncoatfactory/Mens-Striped-Swim-Trunks-with-Cargo-Pockets-461347867.aspx?h=57367,66578"
BCF461347948   ,Cargo Board Shorts w/ Allover Dot Print,"http://www.burlingtoncoatfactory.com/burlingtoncoatfactory/Cargo-Board-Shorts-w-Allover-Dot-Print-461347948.aspx?h=57367,66578"
BCF461347919 ,Geo Flower Print Board Shorts w/ Cargo Pockets,"http://www.burlingtoncoatfactory.com/burlingtoncoatfactory/Geo-Flower-Print-Board-Shorts-w-Cargo-Pockets-461347919.aspx?h=57367,66578"
BCF461347951 ,Cross and Dot Print Board Shorts w/ Cargo Pockets,"http://www.burlingtoncoatfactory.com/burlingtoncoatfactory/Cross-and-Dot-Print-Board-Shorts-w-Cargo-Pockets-461347951.aspx?h=57367,66578"
BCF461467996  ,Tropical Print Stretch Board Shorts,"http://www.burlingtoncoatfactory.com/burlingtoncoatfactory/Tropical-Print-Stretch-Board-Shorts-461467996.aspx?h=57367,66578"
BCF461467983,Tropical Print Stretch Board Shorts,"http://www.burlingtoncoatfactory.com/burlingtoncoatfactory/Tropical-Print-Stretch-Board-Shorts-461467983.aspx?h=57367,66578"
BCF461467925  ,Red & Black Color Block Stretch Board Shorts,"http://www.burlingtoncoatfactory.com/burlingtoncoatfactory/Red-Black-Color-Block-Stretch-Board-Shorts-461467925.aspx?h=57367,66578"
BCF461467941  ,Cyan Tropical Print Stretch Board Shorts,"http://www.burlingtoncoatfactory.com/burlingtoncoatfactory/Cyan-Tropical-Print-Stretch-Board-Shorts-461467941.aspx?h=57367,66578"
BCF461468076,Black Board Shorts with Cargo Pocket,"http://www.burlingtoncoatfactory.com/burlingtoncoatfactory/Black-Board-Shorts-with-Cargo-Pocket-461468076.aspx?h=57367,66578"
BCF461468063 ,Blue Board Shorts with Cargo Pocket,"http://www.burlingtoncoatfactory.com/burlingtoncoatfactory/Blue-Board-Shorts-with-Cargo-Pocket-461468063.aspx?h=57367,66578"
BCF461468131,Mens Striped Color Block Board Shorts,"http://www.burlingtoncoatfactory.com/burlingtoncoatfactory/Blue-Board-Shorts-with-Cargo-Pocket-461468063.aspx?h=57367,66578"
BCF461468115   ,Light Blue Tropical Print Board Shorts,"http://www.burlingtoncoatfactory.com/burlingtoncoatfactory/Light-Blue-Tropical-Print-Board-Shorts-461468115.aspx?h=57367,66578"
BCF461468102,Light Blue Stretch Board Shorts,"http://www.burlingtoncoatfactory.com/burlingtoncoatfactory/Light-Blue-Stretch-Board-Shorts-461468102.aspx?h=57367,66578"
BCF461468089 ,Sunset Print Stretch Board Shorts,"http://www.burlingtoncoatfactory.com/burlingtoncoatfactory/Sunset-Print-Stretch-Board-Shorts-461468089.aspx?h=57367,66578"
BCF461468160  ,Tonal Color Block Board Shorts with Palm Tree Print,"http://www.burlingtoncoatfactory.com/burlingtoncoatfactory/Tonal-Color-Block-Board-Shorts-with-Palm-Tree-Print-461468160.aspx?h=57367,66578"
BCF461824759 ,Mens Print Board Shorts,"http://www.burlingtoncoatfactory.com/burlingtoncoatfactory/Mens-Print-Board-Shorts-461824759.aspx?h=57367,66578"
BCF461836174 ,Mens Modern Plaid Board Shorts with Stretch Fabric,"http://www.burlingtoncoatfactory.com/burlingtoncoatfactory/Mens-Modern-Plaid-Board-Shorts-with-Stretch-Fabric-461836174.aspx?h=57367,66578"
BCF461836161 ,Mens Black & Yellow Striped Color Block Stretch Board Shorts,"http://www.burlingtoncoatfactory.com/burlingtoncoatfactory/Mens-Black-Yellow-Striped-Color-Block-Stretch-Board-Shorts-461836161.aspx?h=57367,66578"
BCF461836187  ,Mens Color Block Stretch Board Shorts with Floral Print Stripes,"http://www.burlingtoncoatfactory.com/burlingtoncoatfactory/Mens-Color-Block-Stretch-Board-Shorts-with-Floral-Print-Stripes-461836187.aspx?h=57367,66578"
BCF461836116  ,Mens Stretch Board Shorts,"http://www.burlingtoncoatfactory.com/burlingtoncoatfactory/Mens-Stretch-Board-Shorts-461836116.aspx?h=57367,66578"
BCF461836129 ,Mens Red & Black Striped Color Block Stretch Board Shorts,"http://www.burlingtoncoatfactory.com/burlingtoncoatfactory/Mens-Red-Black-Striped-Color-Block-Stretch-Board-Shorts-461836129.aspx?h=57367,66578"
BCF461836132 ,Mens Striped Color Block Stretch Board Shorts,"http://www.burlingtoncoatfactory.com/burlingtoncoatfactory/Mens-Striped-Color-Block-Stretch-Board-Shorts-461836132.aspx?h=57367,66578"
BCF461926194  ,Ombre Swim Trunks,"http://www.burlingtoncoatfactory.com/burlingtoncoatfactory/Ombre-Swim-Trunks-461926194.aspx?h=57367,66578"
BCF461926204,Active Gym & Swim Trunks,"http://www.burlingtoncoatfactory.com/burlingtoncoatfactory/Active-Gym-Swim-Trunks-461926204.aspx?h=57367,66578"
BCF461926217 ,Active Gym & Swim Trunks,"http://www.burlingtoncoatfactory.com/burlingtoncoatfactory/Active-Gym-Swim-Trunks-461926217.aspx?h=57367,66578"
BCF461926220,Active Gym & Swim Trunks with Color Block Detail,"http://www.burlingtoncoatfactory.com/burlingtoncoatfactory/Active-Gym-Swim-Trunks-with-Color-Block-Detail-461926220.aspx?h=57367,66578"
BCF462037956,Mens Color Block Plaid Swim Trunks with Embroidered Logo,"http://www.burlingtoncoatfactory.com/burlingtoncoatfactory/Mens-Color-Block-Plaid-Swim-Trunks-with-Embroidered-Logo-462037956.aspx?h=57367,66578"
BCF462037914 ,Mens Cargo Swim Trunks with Embroidered Logo,"http://www.burlingtoncoatfactory.com/burlingtoncoatfactory/Mens-Cargo-Swim-Trunks-with-Embroidered-Logo-462037914.aspx?h=57367,66578"
BCF461824717,Floral Print & Diamond Patterned Board Shorts,"http://www.burlingtoncoatfactory.com/burlingtoncoatfactory/Floral-Print-Diamond-Patterned-Board-Shorts-461824717.aspx?h=57367,66578"
BCF461824720,Cloudy Sky Print Board Shorts,"http://www.burlingtoncoatfactory.com/burlingtoncoatfactory/Cloudy-Sky-Print-Board-Shorts-461824720.aspx?h=57367,66578"
BCF461824746  ,Dark Plaid Board Shorts,"http://www.burlingtoncoatfactory.com/burlingtoncoatfactory/Dark-Plaid-Board-Shorts-461824746.aspx?h=57367,66578"
BCF461824704 ,Grid Patterned Board Shorts,"http://www.burlingtoncoatfactory.com/burlingtoncoatfactory/Grid-Patterned-Board-Shorts-461824704.aspx?h=57367,66578"
BCF461834561 ,Print Board Shorts,"http://www.burlingtoncoatfactory.com/burlingtoncoatfactory/Print-Board-Shorts-461834561.aspx?h=57367,66578"
BCF461834626,Blue-Green Print Board Shorts,"http://www.burlingtoncoatfactory.com/burlingtoncoatfactory/Blue-Green-Print-Board-Shorts-461834626.aspx?h=57367,66578"
BCF710913022 ,Boys Logo Graphic Board Shorts (8-20),"http://www.burlingtoncoatfactory.com/burlingtoncoatfactory/Boys-Logo-Graphic-Board-Shorts-8-20--710913022.aspx?h=58023,58029"
BCF710912984  ,Boys Contrasting Stripe Board Shorts (4-7),"http://www.burlingtoncoatfactory.com/burlingtoncoatfactory/Boys-Contrasting-Stripe-Board-Shorts-4-7--710912984.aspx?h=58023,58029"
BCF710912861 ,Boys Logo Graphic Board Shorts (4-7),"http://www.burlingtoncoatfactory.com/burlingtoncoatfactory/Boys-Logo-Graphic-Board-Shorts-4-7--710912861.aspx?h=58023,58029"
BCF710913116 ,Boys Stripe Board Shorts(8-20),"http://www.burlingtoncoatfactory.com/burlingtoncoatfactory/Boys-Stripe-Board-Shorts-8-20--710913116.aspx?h=58023,58029"
BCF711285982,Boys Superhero Graphic Swim Trunks (4-12),"http://www.burlingtoncoatfactory.com/burlingtoncoatfactory/Boys-Superhero-Graphic-Swim-Trunks-4-12--711285982.aspx?h=58023,58029"
BCF711297909 ,Boys Island Graphic Swim Trunks & Bonus Goggles (4-6),"http://www.burlingtoncoatfactory.com/burlingtoncoatfactory/Boys-Island-Graphic-Swim-Trunks-Bonus-Goggles-4-6--711297909.aspx?h=58023,58029"
BCF711297912 ,Boys Sea Creatures Swim Shorts & Bonus Goggles (4-6),"http://www.burlingtoncoatfactory.com/burlingtoncoatfactory/Boys-Sea-Creatures-Swim-Shorts-Bonus-Goggles-4-6--711297912.aspx?h=58023,58029"
BCF711297941 ,Boys Shark Print Swim Trunks & Bonus Goggles (4-6),"http://www.burlingtoncoatfactory.com/burlingtoncoatfactory/Boys-Shark-Print-Swim-Trunks-Bonus-Goggles-4-6--711297941.aspx?h=58023,58029"
BCF711297996,Boys Pixel Stripe Swim Shorts & Bonus Goggles (4-6),"http://www.burlingtoncoatfactory.com/burlingtoncoatfactory/Boys-Pixel-Stripe-Swim-Shorts-Bonus-Goggles-4-6--711297996.aspx?h=58023,58029"
BCF711297954 ,Boys Geometric Print Swim Shorts & Bonus Goggles (4-6),"http://www.burlingtoncoatfactory.com/burlingtoncoatfactory/Boys-Geometric-Print-Swim-Shorts-Bonus-Goggles-4-6--711297954.aspx?h=58023,58029"
BCF711297970  ,Boys Ocean Stripe Swim Shorts & Bonus Goggles (4-6),"http://www.burlingtoncoatfactory.com/burlingtoncoatfactory/Boys-Ocean-Stripe-Swim-Shorts-Bonus-Goggles-4-6--711297970.aspx?h=58023,58029"
BCF711511368,Paw Patrol Swim Goggles & Case Set,"http://www.burlingtoncoatfactory.com/burlingtoncoatfactory/Paw-Patrol-Swim-Goggles-Case-Set-711511368.aspx?h=58023,58029"
BCF710912997,Striped Swim Trunks (4 - 7),"http://www.burlingtoncoatfactory.com/burlingtoncoatfactory/Striped-Swim-Trunks-4-7--710912997.aspx?h=58023,58029"
BCF710912968,Striped Swim Trunks (4 - 7),"http://www.burlingtoncoatfactory.com/burlingtoncoatfactory/Striped-Swim-Trunks-4-7--710912968.aspx?h=58023,58029"
BCF710913145 ,Tropical Print Boardshorts (8-20),"http://www.burlingtoncoatfactory.com/burlingtoncoatfactory/Tropical-Print-Boardshorts-8-20--710913145.aspx?h=58023,58029"
BCF710913019,Lace Up Logo Boardshorts (8-20),"http://www.burlingtoncoatfactory.com/burlingtoncoatfactory/Lace-Up-Logo-Boardshorts-8-20--710913019.aspx?h=58023,58029"
BCF710913051,Color Blocked Boardshorts (8-20),"http://www.burlingtoncoatfactory.com/burlingtoncoatfactory/Color-Blocked-Boardshorts-8-20--710913051.aspx?h=58023,58029"
BCF710913064,Color Blocked Board Shorts (8-20),"http://www.burlingtoncoatfactory.com/burlingtoncoatfactory/Color-Blocked-Board-Shorts-8-20--710913064.aspx?h=58023,58029"
BCF710913093 ,Striped Pattern Block Boardshorts (8-20),"http://www.burlingtoncoatfactory.com/burlingtoncoatfactory/Striped-Pattern-Block-Boardshorts-8-20--710913093.aspx?h=58023,58029"
BCF711165581 ,Digital Wave Swim Shorts with Bonus Goggles (8-20),"http://www.burlingtoncoatfactory.com/burlingtoncoatfactory/Digital-Wave-Swim-Shorts-with-Bonus-Goggles-8-20--711165581.aspx?h=58023,58029"
BCF711164812,Shark Wave Striped Swim Shorts & 3D Swim Goggles (8-20),"http://www.burlingtoncoatfactory.com/burlingtoncoatfactory/Shark-Wave-Striped-Swim-Shorts-3D-Swim-Goggles-8-20--711164812.aspx?h=58023,58029"
BCF711165219,Print Swim Shorts with Goggles (8-20),"http://www.burlingtoncoatfactory.com/burlingtoncoatfactory/Print-Swim-Shorts-with-Goggles-8-20--711165219.aspx?h=58023,58029"
BCF711165303  ,Print Swim Shorts with Goggles (8-20),"http://www.burlingtoncoatfactory.com/burlingtoncoatfactory/Print-Swim-Shorts-with-Goggles-8-20--711165303.aspx?h=58023,58029"
BCF711285089  ,Batman Swim Trunks (2T-4T),"http://www.burlingtoncoatfactory.com/burlingtoncoatfactory/Batman-Swim-Trunks-2T-4T--711285089.aspx?h=58023,58029"
BCF711285199 ,Spider-Man Swim Trunks (2T - 4T),"http://www.burlingtoncoatfactory.com/burlingtoncoatfactory/Spider-Man-Swim-Trunks-2T-4T--711285199.aspx?h=58023,58029"
BCF711305707,Stripes & Palm Trees Swim Trunks (4-7),"http://www.burlingtoncoatfactory.com/burlingtoncoatfactory/Stripes-Palm-Trees-Swim-Trunks-4-7--711305707.aspx?h=58023,58029"
BCF711305697,Print Swim Trunks with Color Blocked Pocket (4-7),"http://www.burlingtoncoatfactory.com/burlingtoncoatfactory/Print-Swim-Trunks-with-Color-Blocked-Pocket-4-7--711305697.aspx?h=58023,58029"
BCF711305684,Pattern Blocked Swim Trunks (4-7),"http://www.burlingtoncoatfactory.com/burlingtoncoatfactory/Pattern-Blocked-Swim-Trunks-4-7--711305684.aspx?h=58023,58029"
BCF711297983,Boys Camo Swim Shorts with Goggles (4-7),"http://www.burlingtoncoatfactory.com/burlingtoncoatfactory/Boys-Camo-Swim-Shorts-with-Goggles-4-7--711297983.aspx?h=58023,58029"
BCF711032698 ,Teenage Mutant Ninja Turtles Swim Shorts (2T-4T),"http://www.burlingtoncoatfactory.com/burlingtoncoatfactory/Teenage-Mutant-Ninja-Turtles-Swim-Shorts-2T-4T--711032698.aspx?h=58023,58029"
BCF711487625,Toddler Girls Sequin Heart Raglan Top & Short Swimwear Set,"http://www.burlingtoncoatfactory.com/burlingtoncoatfactory/Toddler-Girls-Sequin-Heart-Raglan-Top-Short-Swimwear-Set-711487625.aspx?h=57870,57908"
BCF711511371 ,Shopkins Swim Goggles & Case Set,"http://www.burlingtoncoatfactory.com/burlingtoncoatfactory/Shopkins-Swim-Goggles-Case-Set-711511371.aspx?h=57870,57908"
BCF711584023,Girls Ruffle Boho Bikini (7-16),"http://www.burlingtoncoatfactory.com/burlingtoncoatfactory/Girls-Ruffle-Boho-Bikini-7-16--711584023.aspx?h=57870,57908"
BCF711602701  ,Girls Textured One Piece Swimsuit (7-16),"http://www.burlingtoncoatfactory.com/burlingtoncoatfactory/Girls-Textured-One-Piece-Swimsuit-7-16--711602701.aspx?h=57870,57908"
BCF711466345,Toddler Girls Tie Dye Stripe One-Piece Swimsuit,"http://www.burlingtoncoatfactory.com/burlingtoncoatfactory/Toddler-Girls-Tie-Dye-Stripe-One-Piece-Swimsuit-711466345.aspx?h=57870,57908"
BCF711413013 ,Girls Secret Life of Pets One-Piece Swimsuit (4-6x),"http://www.burlingtoncoatfactory.com/burlingtoncoatfactory/Girls-Secret-Life-of-Pets-One-Piece-Swimsuit-4-6x--711413013.aspx?h=57870,57908"
BCF711412894   ,Girls Disney Tsum Tsum One-Piece Swimsuit (4-6x),"http://www.burlingtoncoatfactory.com/burlingtoncoatfactory/Girls-Disney-Tsum-Tsum-One-Piece-Swimsuit-4-6x--711412894.aspx?h=57870,57908"
BCF711565440,Toddler Girls Sleeveless Terry Swim Cover Up,"http://www.burlingtoncoatfactory.com/burlingtoncoatfactory/Toddler-Girls-Sleeveless-Terry-Swim-Cover-Up-711565440.aspx?h=57870,57908"
BCF711424002 ,Girls Peppa Pig Tankini (4-6x),"http://www.burlingtoncoatfactory.com/burlingtoncoatfactory/Girls-Peppa-Pig-Tankini-4-6x--711424002.aspx?h=57870,57908"
BCF711412881   ,Toddler Girls Peppa Pig One Piece Swimsuit,"http://www.burlingtoncoatfactory.com/burlingtoncoatfactory/Toddler-Girls-Peppa-Pig-One-Piece-Swimsuit-711412881.aspx?h=57870,57908"
BCF711412878  ,Toddler Girls Minnie Mouse One Piece Swimsuit,"http://www.burlingtoncoatfactory.com/burlingtoncoatfactory/Toddler-Girls-Minnie-Mouse-One-Piece-Swimsuit-711412878.aspx?h=57870,57908"
BCF711412865 ,Toddler Girls Elsa and Anna Frozen One-Piece Swimsuit,"http://www.burlingtoncoatfactory.com/burlingtoncoatfactory/Toddler-Girls-Elsa-and-Anna-Frozen-One-Piece-Swimsuit-711412865.aspx?h=57870,57908"
BCF711466727,Girls Heart Rash Guard & Swim Shorts (5-6x),"http://www.burlingtoncoatfactory.com/burlingtoncoatfactory/Girls-Heart-Rash-Guard-Swim-Shorts-5-6x--711466727.aspx?h=57870,57908"
BCF711307349 ,Bikini Swimsuit with Cutout Popover (7-16),"http://www.burlingtoncoatfactory.com/burlingtoncoatfactory/Bikini-Swimsuit-with-Cutout-Popover-7-16--711307349.aspx?h=57870,57908"
BCF711466578 ,Girls Striped Anchor Tankini (5-6x),"http://www.burlingtoncoatfactory.com/burlingtoncoatfactory/Girls-Striped-Anchor-Tankini-5-6x--711466578.aspx?h=57870,57908"
BCF711466387 ,Girls Ruffle 1 Piece Swimsuit (5-6x),"http://www.burlingtoncoatfactory.com/burlingtoncoatfactory/Girls-Ruffle-1-Piece-Swimsuit-5-6x--711466387.aspx?h=57870,57908"
BCF711466332,Toddler Girls Floral Leopard Tankini,"http://www.burlingtoncoatfactory.com/burlingtoncoatfactory/Toddler-Girls-Floral-Leopard-Tankini-711466332.aspx?h=57870,57908"
BCF711475239,Girls Doodle One Piece & Shorts Swimsuit (7-16),"http://www.burlingtoncoatfactory.com/burlingtoncoatfactory/Girls-Doodle-One-Piece-Shorts-Swimsuit-7-16--711475239.aspx?h=57870,57908"
BCF711307268 ,Ruched Striped Tankini (4-6x),"http://www.burlingtoncoatfactory.com/burlingtoncoatfactory/Ruched-Striped-Tankini-4-6x--711307268.aspx?h=57870,57908"
BCF711307459 ,One Piece Swimsuit with Popover Neckline (7-16),"http://www.burlingtoncoatfactory.com/burlingtoncoatfactory/One-Piece-Swimsuit-with-Popover-Neckline-7-16--711307459.aspx?h=57870,57908"
BCF711475213,One Piece Bathing Suit with Skirt (14H-18H),"http://www.burlingtoncoatfactory.com/burlingtoncoatfactory/One-Piece-Bathing-Suit-with-Skirt-14H-18H--711475213.aspx?h=57870,57908"
BCF711307394 ,Aztec Print Bikini (7-16),"http://www.burlingtoncoatfactory.com/burlingtoncoatfactory/Aztec-Print-Bikini-7-16--711307394.aspx?h=57870,57908"
BCF711474777  ,Cherry Tankini (5-6x),"http://www.burlingtoncoatfactory.com/burlingtoncoatfactory/Cherry-Tankini-5-6x--711474777.aspx?h=57870,57908"
BCF711307310,Tie Dye Bikini Swimsuit (7-16),"http://www.burlingtoncoatfactory.com/burlingtoncoatfactory/Tie-Dye-Bikini-Swimsuit-7-16--711307310.aspx?h=57870,57908"
BCF711474340,Checkered Print One-Piece Swimsuit (5-6x),"http://www.burlingtoncoatfactory.com/burlingtoncoatfactory/Checkered-Print-One-Piece-Swimsuit-5-6x--711474340.aspx?h=57870,57908"
BCF711475226 ,Zip-Front One Piece Swimsuit & Shorts Set (7-16),"http://www.burlingtoncoatfactory.com/burlingtoncoatfactory/Zip-Front-One-Piece-Swimsuit-Shorts-Set-7-16--711475226.aspx?h=57870,57908"
BCF711307352 ,Girls Cutout Ruffle Bikini Swimsuit (7-16),"http://www.burlingtoncoatfactory.com/burlingtoncoatfactory/Girls-Cutout-Ruffle-Bikini-Swimsuit-7-16--711307352.aspx?h=57870,57908"
BCF711307569 ,Textured Stripe Tankini Swimsuit Set (7-16),"http://www.burlingtoncoatfactory.com/burlingtoncoatfactory/Textured-Stripe-Tankini-Swimsuit-Set-7-16--711307569.aspx?h=57870,57908"
BCF711307404 ,Nautical Stripe Tankini Swimsuit (7-16),"http://www.burlingtoncoatfactory.com/burlingtoncoatfactory/Nautical-Stripe-Tankini-Swimsuit-7-16--711307404.aspx?h=57870,57908"
BCF711307446,Open-Back Halter Monokini Swimsuit (7-16),"http://www.burlingtoncoatfactory.com/burlingtoncoatfactory/Open-Back-Halter-Monokini-Swimsuit-7-16--711307446.aspx?h=57870,57908"
BCF711307611 ,Ruffle Trim Tankini Swimsuit Set (4-16),"http://www.burlingtoncoatfactory.com/burlingtoncoatfactory/Ruffle-Trim-Tankini-Swimsuit-Set-4-16--711307611.aspx?h=57870,57908"
BCF710938476 ,Textured Stripe Bikini Swimsuit Set (7-16),"http://www.burlingtoncoatfactory.com/burlingtoncoatfactory/Textured-Stripe-Bikini-Swimsuit-Set-7-16--710938476.aspx?h=57870,57908"
BCF711307530,Diamond Print One-Piece Swim Suit (7-16),"http://www.burlingtoncoatfactory.com/burlingtoncoatfactory/Diamond-Print-One-Piece-Swim-Suit-7-16--711307530.aspx?h=57870,57908"
BCF711307323,Striped Nautical 2-Piece Bikini (7-16),"http://www.burlingtoncoatfactory.com/burlingtoncoatfactory/Striped-Nautical-2-Piece-Bikini-7-16--711307323.aspx?h=57870,57908"
BCF711307271  ,Ruched Tankini 2-Piece Swim Suit (4-6x),"http://www.burlingtoncoatfactory.com/burlingtoncoatfactory/Ruched-Tankini-2-Piece-Swim-Suit-4-6x--711307271.aspx?h=57870,57908"
BCF711307255  ,Tie Dye One-Piece Swim Suit (4-6x),"http://www.burlingtoncoatfactory.com/burlingtoncoatfactory/Tie-Dye-One-Piece-Swim-Suit-4-6x--711307255.aspx?h=57870,57908"
BCF711307381,Aztec Stripe 2-Piece Bikini (7-16),"http://www.burlingtoncoatfactory.com/burlingtoncoatfactory/Aztec-Stripe-2-Piece-Bikini-7-16--711307381.aspx?h=57870,57908"
BCF711307572,Ruched 2-Piece Tankini Swim Suit (7-16),"http://www.burlingtoncoatfactory.com/burlingtoncoatfactory/Ruched-2-Piece-Tankini-Swim-Suit-7-16--711307572.aspx?h=57870,57908"
BCF711307491 ,Ruffle Trim Tankini 2-Piece Swim Suit (7-16),"http://www.burlingtoncoatfactory.com/burlingtoncoatfactory/Ruffle-Trim-Tankini-2-Piece-Swim-Suit-7-16--711307491.aspx?h=57870,57908"
BCF710938515,Ruffle Trim 2-Piece Tankini (7-16),"http://www.burlingtoncoatfactory.com/burlingtoncoatfactory/Ruffle-Trim-2-Piece-Tankini-7-16--710938515.aspx?h=57870,57908"
BCF711435266 ,Aztec Tankini 2-Piece Swimsuit (4-6x),"http://www.burlingtoncoatfactory.com/burlingtoncoatfactory/Aztec-Tankini-2-Piece-Swimsuit-4-6x--711435266.aspx?h=57870,57908"
BCF711541419  ,Glitter Hologram One-Piece Swimsuit (4-6x),"http://www.burlingtoncoatfactory.com/burlingtoncoatfactory/Glitter-Hologram-One-Piece-Swimsuit-4-6x--711541419.aspx?h=57870,57908"
BCF711435282 ,Ruffle Shoulder Flamingo 2-Piece Bikini (7-16),"http://www.burlingtoncoatfactory.com/burlingtoncoatfactory/Ruffle-Shoulder-Flamingo-2-Piece-Bikini-7-16--711435282.aspx?h=57870,57908"
BCF711435224 ,Shoulder Ruffle Flamingo One-Piece Swimsuit (4-6x),"http://www.burlingtoncoatfactory.com/burlingtoncoatfactory/Shoulder-Ruffle-Flamingo-One-Piece-Swimsuit-4-6x--711435224.aspx?h=57870,57908"
BCF711435237 ,Cherry Monokini Swim Suit (7-16),"http://www.burlingtoncoatfactory.com/burlingtoncoatfactory/Cherry-Monokini-Swim-Suit-7-16--711435237.aspx?h=57870,57908"
BCF711435253 ,One Piece Flamingo Ruffle Shoulder Swimsuit (7-16),"http://www.burlingtoncoatfactory.com/burlingtoncoatfactory/One-Piece-Flamingo-Ruffle-Shoulder-Swimsuit-7-16--711435253.aspx?h=57870,57908"
BCF711541448 ,One Piece Ruffle Shoulder Swimsuit (4-6x),"http://www.burlingtoncoatfactory.com/burlingtoncoatfactory/One-Piece-Ruffle-Shoulder-Swimsuit-4-6x--711541448.aspx?h=57870,57908"
BCF711541710 ,Feather Tankini 2-Piece Swimsuit (4-6x),"http://www.burlingtoncoatfactory.com/burlingtoncoatfactory/Feather-Tankini-2-Piece-Swimsuit-4-6x--711541710.aspx?h=57870,57908"
BCF710583504 ,Bikini with Skirt 3-Piece Swimsuit Set (2T),"http://www.burlingtoncoatfactory.com/burlingtoncoatfactory/Bikini-with-Skirt-3-Piece-Swimsuit-Set-2T--710583504.aspx?h=57870,57908"
BCF710578988 ,Triangle Halter Bikini (9-12),"http://www.burlingtoncoatfactory.com/burlingtoncoatfactory/Triangle-Halter-Bikini-9-12--710578988.aspx?h=57870,57908"
